piyushgoyal,rsprasad,1
nanglucky,himantabiswa,1
nanglucky,pijush_hazarika,1
rksinhabjp,drjitendrasingh,2
bjp4india,supriyobabul,1
bjp4india,narendramodi,1
dpradhanbjp,dpradhanbjp,2
rakesh_sachan_,shashitharoor,1
nanglucky,himantabiswa,0
chdadapatil,dev_fadnavis,0
goaforwardparty,vijaisardesai,1
goaforwardparty,cmokerala,1
goaforwardparty,goacm,1
bjp4haryana,mlkhattar,2
bjp4haryana,cmohry,2
p_sahibsingh,kirenrijiju,0
p_sahibsingh,kirenrijiju,0
prakashjavdekar,narendramodi,2
chouhanshivraj,officeofssc,2
smritiirani,mansukhmandviya,0
bjp4delhi,drharshvardhan,1
bjp4haryana,mlkhattar,2
vsrinivasgoud,telanganacmo,1
vsrinivasgoud,vsrinivasgoud,1
drhvoffice,drharshvardhan,0
ssrajputinc,rohanrgupta,2
bjp4jharkhand,dasraghubar,2
cmohry,mlkhattar,2
drhvoffice,drharshvardhan,0
rksinhabjp,mlkhattar,2
drhvoffice,drharshvardhan,1
bjp4delhi,drharshvardhan,1
bjp4delhi,siddharthanbjp,2
mlkhattar,cmohry,2
drhvoffice,drharshvardhan,1
bjp4delhi,drharshvardhan,0
cmohry,cmohry,2
incwestbengal,rahulgandhi,1
incindia,rahulgandhi,1
incpunjab,capt_amarinder,2
iycbihar,rahulgandhi,1
pratibhaiyc1,rahulgandhi,1
vipininc,rahulgandhi,1
pranavinc,rahulgandhi,1
rakesh_sachan_,rahulgandhi,1
incgoa,rahulgandhi,1
nadeeminc,rahulgandhi,1
sevadalpb,rahulgandhi,1
satejp,rahulgandhi,1
gauravpandhi,rahulgandhi,1
saralpatel,rahulgandhi,1
plpunia,rahulgandhi,1
ajaylalluinc,rahulgandhi,2
satavrajeev,rahulgandhi,2
vipininc,rahulgandhi,2
incharyana,rahulgandhi,2
hasibaamin,rahulgandhi,2
incrajasthan,rahulgandhi,2
pcsharmainc,rahulgandhi,2
avinashpandeinc,rahulgandhi,2
shuklarajiv,rahulgandhi,2
incmaharashtra,rahulgandhi,2
tamilnadupmc,rahulgandhi,2
incgujarat,rahulgandhi,2
upendrarlsp,rahulgandhi,2
bb_thorat,rahulgandhi,1
nitinraut_inc,rahulgandhi,2
incmaharashtra,rahulgandhi,2
incmohitjain,rahulgandhi,1
vinitthind,rahulgandhi,1
incuttarpradesh,rahulgandhi,2
incindia,rahulgandhi,2
spk_tncc,rahulgandhi,1
jitendrabaghel_,rahulgandhi,2
adarshshastri,rahulgandhi,2
ashokgehlot51,rahulgandhi,1
shayarimran,rahulgandhi,1
ashokchavaninc,rahulgandhi,1
irfanansarimla,rahulgandhi,2
pcsharmainc,rahulgandhi,1
abrahamroymani,rahulgandhi,1
iyc,rahulgandhi,2
bb_thorat,rahulgandhi,2
vinitthind,rahulgandhi,2
incpunjab,rahulgandhi,2
drharshvardhan,drharshvardhan,0
incindia,capt_amarinder,1
plpunia,rahulgandhi,2
cmmadhyapradesh,jansamparkmp,2
pcsharmainc,rahulgandhi,2
bodkheshilpa,rahulgandhi,2
incharyana,rahulgandhi,2
incrajasthan,rahulgandhi,2
gauravgogoiasm,rahulgandhi,2
sitaramlamba,rahulgandhi,2
ruchirac,rahulgandhi,2
jitendrabaghel_,rahulgandhi,2
kunalchoudhary_,rahulgandhi,2
ajaymaken,rahulgandhi,2
kumari_selja,rahulgandhi,2
bodkheshilpa,rahulgandhi,2
bannagupta76,rahulgandhi,2
sitaramlamba,rahulgandhi,2
rakesh_sachan_,rahulgandhi,2
dipikaps,rahulgandhi,2
ssrajputinc,rahulgandhi,2
rckhuntia,rahulgandhi,2
amitchavdainc,rahulgandhi,2
ruchirac,rahulgandhi,1
irfanansarimla,rahulgandhi,1
jayantsinha,dpradhanbjp,1
adarshshastri,rahulgandhi,1
bhatia_niraj23,rahulgandhi,1
plpunia,rahulgandhi,1
gauravpandhi,rahulgandhi,1
sharmistha_gk,rahulgandhi,1
pratibhaiyc1,rahulgandhi,2
satavrajeev,rahulgandhi,2
guptar,rahulgandhi,2
cmopb,capt_amarinder,1
smritiirani,byadavbjp,1
hasibaamin,rahulgandhi,2
sitaramlamba,rahulgandhi,2
jitendrabaghel_,satavrajeev,2
kumari_selja,rahulgandhi,2
jitupatwari,rahulgandhi,2
rohanrgupta,rahulgandhi,2
sevadalpb,capt_amarinder,1
incwestbengal,rahulgandhi,1
incassam,rahulgandhi,1
adarshshastri,rahulgandhi,1
kumari_selja,rahulgandhi,1
nawalk7,rahulgandhi,1
tnccminority,rahulgandhi,1
jitendrabaghel_,rahulgandhi,1
hasibaamin,rahulgandhi,1
rssurjewala,rahulgandhi,1
inctamilnadu,rahulgandhi,1
pratibhaiyc1,rahulgandhi,1
vinitthind,rahulgandhi,1
bjp4assam,himantabiswa,0
ruchirac,capt_amarinder,0
plpunia,rahulgandhi,2
loveyvirk,rahulgandhi,1
bjp4delhi,siddharthanbjp,2
abrahamroymani,rahulgandhi,2
ashokgehlot51,rahulgandhi,1
kumari_selja,rahulgandhi,1
sevadalpb,capt_amarinder,1
asaravanan21,rahulgandhi,1
rssurjewala,rahulgandhi,1
incindia,rahulgandhi,1
salmansoz,rahulgandhi,1
cmopb,capt_amarinder,1
incmaharashtra,rahulgandhi,1
djohninc,rahulgandhi,1
incrajasthan,rahulgandhi,1
guptar,rahulgandhi,1
cmopb,capt_amarinder,1
hasibaamin,rahulgandhi,1
incharyana,rahulgandhi,1
iyc,rahulgandhi,1
vamsichandreddy,rahulgandhi,1
shaktisinhgohil,rahulgandhi,1
satavrajeev,rahulgandhi,2
ssrajputinc,rahulgandhi,2
nanglucky,himantabiswa,1
djohninc,rahulgandhi,2
manoharanvmc,rahulgandhi,2
amitchavdainc,rahulgandhi,2
kumari_selja,rahulgandhi,2
incuttarpradesh,rahulgandhi,2
bodkheshilpa,mieknathshinde,2
bodkheshilpa,cmomaharashtra,2
misabharti,rahulgandhi,2
nitinraut_inc,rahulgandhi,2
dipikaps,rahulgandhi,2
satejp,rahulgandhi,2
incharyana,rahulgandhi,2
gauravpandhi,rahulgandhi,2
rssurjewala,rahulgandhi,2
dr_uditraj,rahulgandhi,2
ajaylalluinc,rahulgandhi,2
satejp,rahulgandhi,2
sajjanvermainc,rahulgandhi,2
avinashpandeinc,rahulgandhi,2
pcsharmainc,rahulgandhi,2
iycmadhya,rahulgandhi,2
nadeeminc,rahulgandhi,2
rohanrgupta,rahulgandhi,2
pranavinc,rahulgandhi,2
rssurjewala,rahulgandhi,2
iycbihar,rahulgandhi,2
sitaramlamba,rahulgandhi,2
ch_anilkumarinc,rahulgandhi,2
rssurjewala,rahulgandhi,2
nitinraut_inc,rahulgandhi,2
deepakkhatri812,rahulgandhi,2
incharyana,rahulgandhi,2
sharmistha_gk,rahulgandhi,2
incmohitjain,rahulgandhi,2
deepakmishra979,rahulgandhi,2
chotiwala,rahulgandhi,2
iyc,rahulgandhi,2
incindia,rahulgandhi,2
iycbihar,rahulgandhi,2
aitcofficial,mamataofficial,0
jitendratmc,mamataofficial,0
motilalvora,rahulgandhi,2
pradeepyadavmla,rahulgandhi,2
drhvoffice,drharshvardhan,1
incindia,rssurjewala,1
sevadalpb,capt_amarinder,0
sevadalpb,capt_amarinder,1
vishwajeetkadam,bb_thorat,0
msisodia,arvindkejriwal,1
incpunjab,capt_amarinder,1
loveyvirk,capt_amarinder,1
nanglucky,himantabiswa,1
misabharti,rohanrgupta,2
jairamthakurbjp,jairamthakurbjp,2
sevadalpb,capt_amarinder,2
rajabrar_inc,rahulgandhi,1
bjp4arunachal,pemakhandubjp,0
sevadalpb,capt_amarinder,2
rksinhabjp,rksinhabjp,0
rksinhabjp,narendramodi,0
aaputtarakhand,aamaadmiparty,2
aaputtarakhand,aamaadmiparty,0
ankitlal,aamaadmiparty,0
incpunjab,capt_amarinder,1
aapmpofficial,aamaadmiparty,0
incharyana,capt_amarinder,0
smritiirani,jpnadda,2
bjp4uk,jpnadda,2
bjp4jharkhand,jpnadda,2
nstomar,jpnadda,2
kailashonline,jpnadda,2
vijayrupanibjp,jpnadda,2
dilipkpandey,arvindkejriwal,0
bodkheshilpa,rohanrgupta,2
jhasanjay,shashitharoor,1
chandramohanbjp,vasundharabjp,2
msisodia,arvindkejriwal,0
preetismenon,arvindkejriwal,0
ankitlal,arvindkejriwal,0
saralpatel,capt_amarinder,1
rksinhabjp,narendramodi,2
sevadalpb,capt_amarinder,2
srinivasathilak,vijayabaskarofl,0
pankhuripathak,shashitharoor,0
shashitharoor,shashitharoor,2
gkzhimomi,capt_amarinder,1
gkzhimomi,narendramodi,1
guptar,capt_amarinder,1
guptar,narendramodi,1
saralpatel,shashitharoor,0
suranjanbjp,himantabiswa,0
incindia,siddaramaiah,1
spk_tncc,rahulgandhi,0
incrajasthan,rahulgandhi,0
kosalramt,rahulgandhi,0
virenderrathor,rahulgandhi,0
arvinderlovely,rahulgandhi,0
supriyashrinate,rahulgandhi,0
iycchhattisgarh,rahulgandhi,0
rckhuntia,rahulgandhi,0
rssurjewala,rahulgandhi,0
gauravpandhi,rahulgandhi,0
iycmaha,rahulgandhi,0
keshavyadaviyc,rahulgandhi,0
ghulamnazad,rahulgandhi,0
nitinraut_inc,rahulgandhi,0
ripunbora,rahulgandhi,0
yadavtejashwi,yadavtejashwi,1
sevadalpb,capt_amarinder,1
manishtewari,manishtewari,0
misabharti,rahulgandhi,1
pawankhera,rahulgandhi,1
deepakkhatri812,rahulgandhi,1
nagma_morarji,rahulgandhi,1
incrajasthan,rahulgandhi,1
ripunbora,rahulgandhi,1
kartipc,shashitharoor,0
bjp4delhi,drharshvardhan,0
shalupcrf,aamaadmiparty,0
ashokgehlot51,ashokgehlot51,1
smritiirani,rsprasad,1
sevadalpb,capt_amarinder,0
rajabrar_inc,rahulgandhi,2
dgurjarofficial,priyankagandhi,2
rajabrar_inc,rahulgandhi,2
rajabrar_inc,rahulgandhi,2
sevadalpb,capt_amarinder,0
shuklarajiv,capt_amarinder,2
sasmitpatra,cmo_odisha,0
nanglucky,himantabiswa,2
nanglucky,bjp4india,2
ankitlal,arvindkejriwal,1
sevadalpb,capt_amarinder,2
sevadalpb,capt_amarinder,0
gauravbh,rsprasad,0
officeofrsp,rsprasad,0
rsprasad,narendramodi,2
bjp4delhi,manojtiwarimp,1
incmohitjain,shashitharoor,2
bjp4maharashtra,kiritsomaiya,2
saralpatel,shashitharoor,2
drramansingh,bjp4india,1
sureshkkhanna,narendramodi,2
tendulkarbjp,narendramodi,2
nkishoreyadav,narendramodi,2
aerpulavenkata,narendramodi,2
smritiirani,narendramodi,2
bjp4punjab,narendramodi,0
bjp4arunachal,pemakhandubjp,1
bjp4arunachal,narendramodi,1
bjp4odisha,narendramodi,0
bjp4india,narendramodi,1
bjp4india,p_sahibsingh,2
cmmadhyapradesh,jansamparkmp,2
cmmadhyapradesh,chouhanshivraj,2
chouhanshivraj,officeofssc,2
chouhanshivraj,narendramodi,2
chouhanshivraj,officeofssc,2
chouhanshivraj,officeofssc,2
bjp4maharashtra,dev_fadnavis,2
arjunrammeghwal,prakashjavdekar,0
jansamparkmp,chouhanshivraj,2
manishtewari,shashitharoor,1
manishtewari,manishtewari,1
cmpatowary,sarbanandsonwal,1
prakashjavdekar,nstomar,0
dasraghubar,drharshvardhan,1
sarbanandsonwal,cmpatowary,1
sarbanandsonwal,sarbanandsonwal,1
chouhanshivraj,officeofssc,2
chouhanshivraj,officeofssc,2
chouhanshivraj,chouhanshivraj,2
bjd_odisha,cmo_odisha,0
chouhanshivraj,officeofssc,2
bjd_odisha,cmo_odisha,1
bjp4assam,sarbanandsonwal,2
bjp4assam,narendramodi,2
bjp4arunachal,pemakhandubjp,0
bjp4assam,himantabiswa,0
bjp4up,drrpnishank,0
cmohry,finminindia,2
bjp4arunachal,pemakhandubjp,0
bjp4arunachal,pemakhandubjp,1
bjp4arunachal,narendramodi,1
cmmadhyapradesh,jansamparkmp,2
gauravpandhi,shashitharoor,0
drrajdeeproy,himantabiswa,0
bjp4arunachal,pemakhandubjp,0
mlkhattar,cmohry,2
mlkhattar,mlkhattar,2
jm_scindia,chouhanshivraj,2
jansamparkmp,chouhanshivraj,2
bjp4arunachal,pemakhandubjp,1
bjp4arunachal,pemakhandubjp,0
smritiirani,drharshvardhan,1
rohanrgupta,rahulgandhi,0
adarshshastri,rahulgandhi,0
mparunyadav,rahulgandhi,0
tnccminority,rahulgandhi,0
incuttarakhand,rahulgandhi,0
drhvoffice,drharshvardhan,2
naqvimukhtar,naqvimukhtar,2
iycbihar,rahulgandhi,0
nanglucky,himantabiswa,1
dasraghubar,byadavbjp,0
kosalramt,rahulgandhi,0
gkzhimomi,rahulgandhi,0
dr_uditraj,rahulgandhi,0
drrajdeeproy,sarbanandsonwal,1
bjp4india,sarbanandsonwal,0
jansamparkmp,cmmadhyapradesh,2
mlkhattar,rsprasad,2
rajcmo,ashokgehlot51,0
ramvicharnetam,prakashjavdekar,2
cmo_odisha,naveen_odisha,0
cmo_odisha,naveen_odisha,0
bjp4haryana,mlkhattar,2
saralpatel,shashitharoor,0
saralpatel,incindia,0
saralpatel,rahulgandhi,0
jansamparkmp,chouhanshivraj,2
incrajasthan,ashokgehlot51,2
satyajeettambe,ashokgehlot51,2
nanglucky,sarbanandsonwal,1
chouhanshivraj,officeofssc,2
chouhanshivraj,chouhanshivraj,2
satavrajeev,ashokgehlot51,2
anubhavmohanty_,naveen_odisha,1
sasmitpatra,naveen_odisha,1
cmmadhyapradesh,chouhanshivraj,2
cmmadhyapradesh,officeofssc,2
cmmadhyapradesh,chouhanshivraj,2
cmmadhyapradesh,narendramodi,2
chouhanshivraj,officeofssc,2
chouhanshivraj,chouhanshivraj,2
drhvoffice,drharshvardhan,0
cpim_westbengal,sujan_speak,1
amar4odisha,cmo_odisha,1
nanglucky,himantabiswa,1
amar4odisha,cmo_odisha,0
bjp4assam,sarbanandsonwal,1
bjp4assam,narendramodi,1
nanglucky,himantabiswa,0
nanglucky,narendramodi,0
nanglucky,sarbanandsonwal,1
deependershooda,deependershooda,2
chouhanshivraj,officeofssc,2
chouhanshivraj,chouhanshivraj,2
jansamparkmp,cmmadhyapradesh,2
jansamparkmp,chouhanshivraj,2
officeofrsp,rsprasad,1
deependershooda,deependershooda,2
finminindia,nsitharamanoffc,0
ankitlal,arvindkejriwal,0
gulabmatiala,arvindkejriwal,0
shalupcrf,arvindkejriwal,0
chouhanshivraj,officeofssc,2
bjp4maharashtra,dev_fadnavis,1
bjp4india,mp_meerut,2
chouhanshivraj,officeofssc,2
rathinghoshtmc,sujitboseaitc,0
bjp4arunachal,pemakhandubjp,0
rammadhavbjp,pemakhandubjp,0
aamaadmiparty,arvindkejriwal,0
gssjodhpur,drrpnishank,0
bjp4assam,sarbanandsonwal,1
chouhanshivraj,officeofssc,2
chouhanshivraj,chouhanshivraj,2
sanjayazadsln,arvindkejriwal,2
ashwinikchoubey,drrpnishank,0
gulabmatiala,arvindkejriwal,2
bjp4delhi,drrpnishank,1
chouhanshivraj,officeofssc,2
nstomar,drrpnishank,0
aapkagopalrai,arvindkejriwal,0
aamaadmiparty,arvindkejriwal,2
chouhanshivraj,officeofssc,2
bjp4assam,sarbanandsonwal,1
nsitharamanoffc,drrpnishank,0
nsitharamanoffc,finminindia,0
smritiirani,drrpnishank,0
jansamparkmp,cmmadhyapradesh,2
debasreebjp,drrpnishank,0
saurabh_mlagk,arvindkejriwal,0
sureshkkhanna,drrpnishank,0
chouhanshivraj,officeofssc,2
cmmadhyapradesh,chouhanshivraj,2
jansamparkmp,cmmadhyapradesh,2
cmmadhyapradesh,chouhanshivraj,2
amar4odisha,cmo_odisha,0
prakashjavdekar,narendramodi,2
chouhanshivraj,officeofssc,2
chouhanshivraj,chouhanshivraj,2
chouhanshivraj,officeofssc,2
chouhanshivraj,chouhanshivraj,2
ghulamrabbani_,mamataofficial,1
deependershooda,deependershooda,2
officeofrsp,rsprasad,1
officeofrsp,narendramodi,1
chouhanshivraj,officeofssc,2
bjp4assam,sarbanandsonwal,0
bjp4assam,sarbanandsonwal,2
bjp4assam,bjp4assam,2
amar4odisha,naveen_odisha,1
nanglucky,sarbanandsonwal,1
chotiwala,sitaramlamba,0
nanglucky,himantabiswa,0
officeofrsp,rsprasad,1
bjp4assam,sarbanandsonwal,1
sunil_deodhar,chouhanshivraj,2
sunil_deodhar,bjp4india,2
chouhanshivraj,officeofssc,2
bjp4maharashtra,dev_fadnavis,1
jansamparkmp,cmmadhyapradesh,2
cmmadhyapradesh,chouhanshivraj,2
mlkhattar,bjp4haryana,2
officeofrsp,rsprasad,1
amar4odisha,naveen_odisha,1
amar4odisha,naveen_odisha,1
finminindia,pmoindia,1
aitcofficial,mamataofficial,0
banglargorbomb,mamataofficial,0
nsitharamanoffc,finminindia,0
nsitharamanoffc,nsitharaman,0
nsitharamanoffc,finminindia,0
ritabjoshi,finminindia,2
finminindia,finminindia,0
nsitharamanoffc,finminindia,2
bjpmahilamorcha,chouhanshivraj,2
rldparty,ashokgehlot51,0
rldparty,jayantrld,0
smritiirani,narendramodi,0
ritabjoshi,finminindia,1
bjp4delhi,drharshvardhan,2
bjp4delhi,p_sahibsingh,2
bjp4delhi,arvindkejriwal,2
sasmitpatra,naveen_odisha,1
sasmitpatra,naveen_odisha,0
finminindia,narendramodi,0
nsitharaman,finminindia,2
officeofrsp,rsprasad,1
amar4odisha,cmo_odisha,0
incindia,rssurjewala,1
sasmitpatra,cmo_odisha,1
amar4odisha,cmo_odisha,1
bjp4delhi,siddharthanbjp,2
sandhyatudu,mamataofficial,0
pradeepraobjp,kishanreddybjp,0
officeofssc,chouhanshivraj,2
goaforwardparty,vijaisardesai,1
anubhavmohanty_,naveen_odisha,1
amar4odisha,cmo_odisha,0
pycpim,cpimspeak,1
nanglucky,himantabiswa,0
kponmudimla,mkstalin,0
amar4odisha,naveen_odisha,1
ncpspeaks,pawarspeaks,0
amar4odisha,naveen_odisha,0
bjp4mp,chouhanshivraj,2
nsitharamanoffc,finminindia,0
erkksakthivel,spvelumanicbe,2
nanglucky,himantabiswa,1
bjp4delhi,amitshah,2
cmohry,mlkhattar,2
bjp4assam,himantabiswa,1
bjp4assam,himantabiswa,0
suranjanbjp,himantabiswa,0
bjp4delhi,drharshvardhan,1
suranjanbjp,himantabiswa,0
suranjanbjp,himantabiswa,0
suranjanbjp,himantabiswa,0
bjpmahilamorcha,sarojpandeybjp,2
pradeepraobjp,chouhanshivraj,2
bjp4delhi,drharshvardhan,1
bjp4delhi,drharshvardhan,1
aamaadmiparty,msisodia,2
nisith_malik,mamataofficial,1
nirmalghoshmla,mamataofficial,1
sasmitpatra,cmo_odisha,2
jitendratmc,mamataofficial,1
keerthireddybjp,chouhanshivraj,2
keerthireddybjp,bjp4india,2
keerthireddybjp,jm_scindia,2
jyotipriyamla,mamataofficial,1
nanglucky,himantabiswa,1
chouhanshivraj,cmmadhyapradesh,2
jansamparkmp,cmmadhyapradesh,2
officeofrsp,rsprasad,0
chouhanshivraj,narendramodi,0
raosahebdanve,narendramodi,2
nanglucky,himantabiswa,1
raosahebdanve,narendramodi,2
bjp4delhi,adeshguptabjp,2
bjp4delhi,bjp4delhi,2
bjp4delhi,arvindkejriwal,2
nanglucky,himantabiswa,1
nanglucky,himantabiswa,1
sanghaviharsh,dev_fadnavis,1
bjp4assam,sarbanandsonwal,0
bjp4assam,narendramodi,0
cmmadhyapradesh,chouhanshivraj,2
drhvoffice,drharshvardhan,1
jansamparkmp,cmmadhyapradesh,2
mlkhattar,cmohry,2
nisith_malik,narendramodi,1
bjp4delhi,drharshvardhan,0
inctamilnadu,sanjaysdutt,1
bjp4assam,himantabiswa,1
bjp4assam,himantabiswa,1
uttamku73639199,himantabiswa,1
byadavbjp,byadavbjp,0
bjp4assam,himantabiswa,0
bjp4delhi,adeshguptabjp,2
bjp4delhi,drharshvardhan,2
bjp4delhi,amitshah,2
suranjanbjp,sarbanandsonwal,0
suranjanbjp,himantabiswa,0
nanglucky,himantabiswa,1
ashokgehlot51,ashokgehlot51,2
nawalk7,misabharti,1
sasmitpatra,cmo_odisha,1
amar4odisha,cmo_odisha,1
nanglucky,himantabiswa,1
bjp4assam,himantabiswa,0
gulabmatiala,msisodia,0
gulabmatiala,arvindkejriwal,0
drhvoffice,drharshvardhan,2
jitendrabaghel_,satavrajeev,1
bjp4assam,himantabiswa,1
rksinhabjp,arjunrammeghwal,2
ruchirac,ashokgehlot51,0
cmmadhyapradesh,chouhanshivraj,2
bjp4delhi,drharshvardhan,2
bjp4delhi,drharshvardhan,0
cpim_westbengal,cpimspeak,0
piyushgoyal,drharshvardhan,1
officeofrsp,rsprasad,0
officeofrsp,rsprasad,0
shashitharoor,shashitharoor,2
shashitharoor,pmoindia,2
raosahebdanve,narendramodi,1
pijush_hazarika,himantabiswa,0
pijush_hazarika,narendramodi,0
smritiirani,narendramodi,0
prakashjavdekar,narendramodi,2
finminindia,nsitharamanoffc,0
finminindia,nsitharaman,0
dasraghubar,drharshvardhan,1
bjp4haryana,bjp4india,2
raosahebdanve,narendramodi,0
bjp4haryana,cmohry,2
chouhanshivraj,officeofssc,2
sanjayjaiswalmp,bjp4india,2
nsitharamanoffc,finminindia,1
kailashonline,bjp4india,2
mp_meerut,bjp4india,2
arunsinghbjp,bjp4india,2
bjp4assam,sarbanandsonwal,1
smritiirani,narendramodi,0
sunil_deodhar,narendramodi,0
dasraghubar,narendramodi,1
chouhanshivraj,officeofssc,2
bjp4delhi,manojtiwarimp,2
brajeshpathakup,chouhanshivraj,2
bjp4mp,chouhanshivraj,2
bjp4maharashtra,dev_fadnavis,1
drtanweerhassan,yadavtejashwi,0
finminindia,ianuragthakur,1
mahacpimspeak,salimdotcomrade,0
vipininc,priyankagandhi,0
jansamparkmp,chouhanshivraj,2
incdelhi,priyankagandhi,0
cmmadhyapradesh,jansamparkmp,2
misabharti,gauravpandhi,1
brajeshpathakup,rsprasad,1
chouhanshivraj,cmmadhyapradesh,2
chouhanshivraj,chouhanshivraj,2
jansamparkmp,cmmadhyapradesh,2
jansamparkmp,chouhanshivraj,2
gauravgogoiasm,shashitharoor,0
chouhanshivraj,officeofssc,2
chouhanshivraj,officeofssc,2
bjp4delhi,p_sahibsingh,2
chouhanshivraj,officeofssc,2
chouhanshivraj,chouhanshivraj,2
smritiirani,narendramodi,1
naqvimukhtar,drharshvardhan,1
nanglucky,himantabiswa,0
chouhanshivraj,officeofssc,2
bjp4maharashtra,narendramodi,0
chouhanshivraj,officeofssc,2
bjp4uk,bjp4india,2
bjp4bihar,rsprasad,2
amar4odisha,cmo_odisha,0
bjp4odisha,bjp4india,2
sanjayjaiswalmp,bjp4india,2
rjdforindia,bjp4bihar,0
rjdforindia,sushilmodi,0
nanglucky,swamy39,2
incmohitjain,mahuamoitra,1
salmansoz,shashitharoor,1
katchannaidu,ncbn,1
ncbn,ncbn,1
misabharti,srivatsayb,0
smritiirani,drharshvardhan,1
drhvoffice,drharshvardhan,1
smritiirani,prakashjavdekar,1
smritiirani,drharshvardhan,1
mahacpimspeak,sitaramyechury,0
anubhavmohanty_,naveen_odisha,0
amar4odisha,cmo_odisha,1
amar4odisha,naveen_odisha,1
bjp4assam,cmofficeassam,0
cmohry,mlkhattar,2
aamaadmiparty,chitrasarwara,1
aamaadmiparty,aamaadmiparty,1
manojtiwarimp,kishanreddybjp,1
nkishoreyadav,sarbanandsonwal,2
nkishoreyadav,narendramodi,2
pcmohanmp,drharshvardhan,2
drrajdeeproy,sarbanandsonwal,2
drrajdeeproy,narendramodi,2
arunrjd,yadavtejashwi,1
bjp4delhi,drharshvardhan,1
bjp4delhi,drharshvardhan,0
finminindia,narendramodi,2
bjp4delhi,drharshvardhan,2
amar4odisha,cmo_odisha,1
nanglucky,himantabiswa,1
anubhavmohanty_,cmo_odisha,0
anubhavmohanty_,naveen_odisha,0
ahir_hansraj,drharshvardhan,2
hrishikeshgosw3,sarbanandsonwal,1
sasmitpatra,cmo_odisha,2
anubhavmohanty_,cmo_odisha,2
sasmitpatra,cmo_odisha,1
sasmitpatra,cmo_odisha,1
bjp4delhi,drharshvardhan,0
bjp4delhi,narendramodi,0
nanglucky,himantabiswa,0
amar4odisha,cmo_odisha,2
nawalk7,yadavtejashwi,1
incindia,rssurjewala,2
anubhavmohanty_,naveen_odisha,1
sanjaynirupam,rahulgandhi,2
incindia,rahulgandhi,2
chouhanshivraj,officeofssc,2
bb_thorat,rahulgandhi,2
guptar,rahulgandhi,2
nadeeminc,rahulgandhi,2
satejp,rahulgandhi,2
buntyshelke_inc,rahulgandhi,2
rakesh_sachan_,rahulgandhi,2
arvinderlovely,rahulgandhi,2
incharyana,rahulgandhi,2
sitaramlamba,rahulgandhi,2
ssrajputinc,rahulgandhi,2
sanjaysdutt,rahulgandhi,2
pcmohanmp,pcmohanmp,2
dipikaps,rahulgandhi,2
rohanrgupta,rahulgandhi,2
iyc,rahulgandhi,2
amitchavdainc,rahulgandhi,2
bjp4delhi,kishanreddybjp,0
bjp4delhi,narendramodi,0
pradeepraobjp,kishanreddybjp,1
vijayarahatkar,dev_fadnavis,0
imranndar,omarabdullah,1
chouhanshivraj,officeofssc,2
chouhanshivraj,narendramodi,2
misabharti,yadavtejashwi,1
chouhanshivraj,officeofssc,2
chouhanshivraj,chouhanshivraj,2
nanglucky,himantabiswa,1
mohdmoazamkhan,asadowaisi,1
aimim_national,asadowaisi,1
bjp4delhi,drharshvardhan,0
nanglucky,himantabiswa,1
nanglucky,himantabiswa,0
bjd_odisha,cmo_odisha,0
bjd_odisha,cmo_odisha,0
bjd_odisha,naveen_odisha,0
anubhavmohanty_,cmo_odisha,0
anubhavmohanty_,naveen_odisha,0
amar4odisha,cmo_odisha,0
bjp4delhi,drharshvardhan,0
bjp4delhi,narendramodi,0
anubhavmohanty_,cmo_odisha,0
bjp4assam,sarbanandsonwal,1
drhvoffice,drharshvardhan,1
bjp4delhi,drharshvardhan,2
nanglucky,himantabiswa,0
bjp4delhi,drharshvardhan,0
bjp4assam,sarbanandsonwal,1
nanglucky,sarbanandsonwal,1
bjpmadhukarap,chouhanshivraj,2
cmmadhyapradesh,chouhanshivraj,2
cmmadhyapradesh,chouhanshivraj,2
cmmadhyapradesh,narendramodi,2
chouhanshivraj,officeofssc,2
chouhanshivraj,chouhanshivraj,2
jansamparkmp,chouhanshivraj,2
cmmadhyapradesh,chouhanshivraj,2
chandramohanbjp,chouhanshivraj,2
amar4odisha,cmo_odisha,1
amar4odisha,naveen_odisha,1
nanglucky,himantabiswa,2
bjp4maharashtra,dev_fadnavis,0
bjp4delhi,drharshvardhan,0
cmmadhyapradesh,chouhanshivraj,2
amar4odisha,cmo_odisha,0
chandramohanbjp,chouhanshivraj,2
blsanthosh,chouhanshivraj,2
anubhavmohanty_,cmo_odisha,0
ravikishann,chouhanshivraj,2
bjp4arunachal,pemakhandubjp,0
nanglucky,himantabiswa,0
nanglucky,pijush_hazarika,0
sasmitpatra,cmo_odisha,0
nanglucky,himantabiswa,0
cmoguj,drharshvardhan,0
nanglucky,himantabiswa,0
nsitharamanoffc,finminindia,1
nsitharamanoffc,nsitharaman,1
jayanta_malla,himantabiswa,0
bjp4delhi,drharshvardhan,0
anubhavmohanty_,cmo_odisha,0
nanglucky,himantabiswa,1
nusratchirps,mamataofficial,1
bjp4delhi,drharshvardhan,0
nanglucky,himantabiswa,1
madhavbjp,sunil_deodhar,1
madhavbjp,narendramodi,1
chdadapatil,dev_fadnavis,1
chdadapatil,dev_fadnavis,1
bjp4delhi,drharshvardhan,1
aimim_national,md_majidhussain,1
ripunbora,rahulgandhi,0
ashokchavaninc,rahulgandhi,0
ashokgehlot51,rahulgandhi,0
satavrajeev,rahulgandhi,0
kunalchoudhary_,rahulgandhi,0
sushmitadevinc,rahulgandhi,0
nsitharamanoffc,finminindia,1
nsitharamanoffc,nsitharaman,1
asadowaisi,md_majidhussain,1
duttabhishek,rahulgandhi,0
nayakragini,rahulgandhi,0
ajaylalluinc,rahulgandhi,0
jitendrabaghel_,rahulgandhi,0
incindia,rahulgandhi,0
virenderrathor,rahulgandhi,0
anupamarawatuk,rahulgandhi,0
sachin_inc,rahulgandhi,0
rohanrgupta,rahulgandhi,0
mayurasj,rahulgandhi,0
jaslambasha,rahulgandhi,0
smritiirani,drharshvardhan,1
bjp4assam,himantabiswa,1
drhvoffice,drharshvardhan,1
cmmadhyapradesh,chouhanshivraj,2
amar4odisha,cmo_odisha,1
bjp4delhi,siddharthanbjp,2
bjp4delhi,bjp4delhi,2
chouhanshivraj,officeofssc,2
nanglucky,himantabiswa,1
drhvoffice,drharshvardhan,0
sanjayraiupbjp,rsprasad,0
officeofrsp,rsprasad,0
nanglucky,himantabiswa,1
bjp4maharashtra,dev_fadnavis,1
nanglucky,himantabiswa,0
nanglucky,himantabiswa,1
chouhanshivraj,cmmadhyapradesh,2
nanglucky,himantabiswa,1
bjp4arunachal,pemakhandubjp,0
bjp4assam,himantabiswa,1
bjp4delhi,msinghbjp,2
officeofrsp,rsprasad,0
drhvoffice,drharshvardhan,1
bjp4delhi,drharshvardhan,1
ruchirac,shashitharoor,0
uttamku73639199,himantabiswa,0
piyushgoyal,nstomar,2
spk_tncc,rssurjewala,2
smritiirani,drjitendrasingh,1
dev_fadnavis,dev_fadnavis,0
sanjayjaiswalmp,drharshvardhan,2
smritiirani,narendramodi,2
bjp4arunachal,pemakhandubjp,1
bjp4assam,sarbanandsonwal,1
bjp4assam,himantabiswa,1
uttamku73639199,himantabiswa,0
chouhanshivraj,officeofssc,2
chouhanshivraj,narendramodi,2
bjd_odisha,naveen_odisha,0
bjd_odisha,vijayanpinarayi,0
amar4odisha,cmo_odisha,1
dasraghubar,drharshvardhan,0
dasraghubar,narendramodi,0
amar4odisha,cmo_odisha,1
smritiirani,nsitharaman,0
pallablochandas,himantabiswa,1
bjp4assam,sarbanandsonwal,1
bjp4assam,narendramodi,1
nanglucky,himantabiswa,0
bjp4assam,sarbanandsonwal,2
bjp4assam,sarbanandsonwal,2
bjp4assam,himantabiswa,1
officeofrsp,rsprasad,0
smritiirani,narendramodi,0
sunil_deodhar,pemakhandubjp,1
drhvoffice,drharshvardhan,1
drhvoffice,drharshvardhan,0
nanglucky,himantabiswa,0
nanglucky,himantabiswa,0
bjp4mp,officeofssc,2
bjp4mp,officeofssc,2
chouhanshivraj,officeofssc,2
chouhanshivraj,officeofssc,2
chouhanshivraj,officeofssc,2
bjp4delhi,drharshvardhan,1
amar4odisha,naveen_odisha,0
dilipsaikia4bjp,himantabiswa,2
dilipsaikia4bjp,pijush_hazarika,2
uttamku73639199,himantabiswa,1
jayanta_malla,himantabiswa,1
officeofrsp,rsprasad,1
uttamku73639199,himantabiswa,1
bjp4delhi,drharshvardhan,1
bjp4delhi,bjp4india,1
bjp4delhi,gvlnrao,1
subhashbrala,bjp4haryana,2
harsimratbadal_,harsimratbadal_,1
drrajdeeproy,himantabiswa,0
nanglucky,himantabiswa,0
uttamtpcc,shashitharoor,0
saralpatel,shashitharoor,0
jansamparkmp,cmmadhyapradesh,2
jansamparkmp,chouhanshivraj,2
nanglucky,himantabiswa,0
nanglucky,himantabiswa,0
amar4odisha,cmo_odisha,2
nanglucky,himantabiswa,0
suranjanbjp,himantabiswa,0
sasmitpatra,naveen_odisha,2
sasmitpatra,amitshah,2
anubhavmohanty_,cmo_odisha,1
anubhavmohanty_,naveen_odisha,1
sasmitpatra,cmo_odisha,1
sasmitpatra,naveen_odisha,1
amar4odisha,naveen_odisha,1
sasmitpatra,naveen_odisha,1
sasmitpatra,cmo_odisha,1
nanglucky,himantabiswa,0
anubhavmohanty_,cmo_odisha,1
jansamparkmp,cmmadhyapradesh,2
abrahamroymani,shashitharoor,1
bjp4delhi,drharshvardhan,2
anubhavmohanty_,cmo_odisha,1
amar4odisha,cmo_odisha,0
bjp4maharashtra,dev_fadnavis,1
cmmadhyapradesh,chouhanshivraj,2
hasibaamin,rahulgandhi,2
ramvicharnetam,chouhanshivraj,2
asadowaisi,narendramodi,0
jansamparkmp,chouhanshivraj,2
sasmitpatra,cmo_odisha,1
bjp4delhi,drharshvardhan,2
sasmitpatra,cmo_odisha,2
bjp4delhi,drharshvardhan,0
nawalk7,yadavtejashwi,2
nanglucky,himantabiswa,1
bjp4delhi,drhvoffice,0
hasibaamin,rahulgandhi,2
harsimratbadal_,officeofssbadal,0
anubhavmohanty_,naveen_odisha,1
sasmitpatra,cmo_odisha,1
sasmitpatra,naveen_odisha,1
sasmitpatra,cmo_odisha,1
sasmitpatra,cmo_odisha,1
sasmitpatra,naveen_odisha,1
sasmitpatra,cmo_odisha,1
jansamparkmp,cmmadhyapradesh,2
sasmitpatra,naveen_odisha,0
sasmitpatra,amitshah,0
sasmitpatra,naveen_odisha,0
sasmitpatra,cmo_odisha,1
anubhavmohanty_,cmo_odisha,2
pcmohanmp,pcmohanmp,1
amar4odisha,cmo_odisha,2
bjp4delhi,drharshvardhan,2
gauravpandhi,priyankac19,0
dilipghoshbjp,blsanthosh,1
ashwinityagibjp,swatantrabjp,2
ashwinityagibjp,sunilbansalbjp,2
ashwinityagibjp,bjp4up,2
rjdforindia,laluprasadrjd,1
smritiirani,drharshvardhan,1
ahmad_shakeel,rssurjewala,1
ysrcparty,andhrapradeshcm,0
ysrcparty,ysjagan,0
plpunia,rssurjewala,0
bodkheshilpa,cmomaharashtra,0
satejp,bb_thorat,2
bjp4chandigarh,jpnadda,2
bjp4delhi,jpnadda,2
smritiirani,narendramodi,0
rksinhabjp,jpnadda,2
cmohry,rsprasad,2
cmohry,cmohry,2
cmohry,mlkhattar,2
supriya_sule,pawarspeaks,2
supriya_sule,pmoindia,2
supriya_sule,nsitharamanoffc,2
bjp4bengal,supriyobabul,2
madanmitraoff,kailashonline,1
madanmitraoff,me_locket,1
pijush_hazarika,himantabiswa,0
vijayrupanibjp,vijayrupanibjp,2
vijayrupanibjp,vijayrupanibjp,2
vijayrupanibjp,vijayrupanibjp,2
aap4jharkhand,aamaadmiparty,0
aaputtarakhand,tsrawatbjp,0
cmo_odisha,naveen_odisha,0
cmo_odisha,cmo_odisha,0
mlkhattar,drharshvardhan,1
bjp4delhi,drharshvardhan,1
bjp4delhi,drharshvardhan,2
bjp4delhi,drharshvardhan,1
bjp4delhi,bjp4india,1
rammadhavbjp,rammadhavbjp,0
aaputtarakhand,aamaadmiparty,0
vijayrupanibjp,drharshvardhan,1
vijayrupanibjp,narendramodi,1
cmoguj,drharshvardhan,1
cmoguj,narendramodi,1
yadavtejashwi,yadavtejashwi,0
vijaisardesai,goaforwardparty,1
bjp4delhi,drharshvardhan,0
bjp4delhi,drharshvardhan,2
bjp4delhi,drharshvardhan,1
cmopb,capt_amarinder,1
sanghaviharsh,narendramodi,2
asadowaisi,asadowaisi,1
asadowaisi,imakbarowaisi,1
jaitdp,ncbn,1
jaitdp,ncbn,1
piyushgoyal,narendramodi,0
piyushgoyal,pmoindia,0
piyushgoyal,narendramodi,0
piyushgoyal,pmoindia,0
incassam,ripunbora,1
ncbn,jaitdp,2
ncbn,ncbn,2
bjp4delhi,siddharthanbjp,2
bjp4delhi,drharshvardhan,0
bjp4delhi,p_sahibsingh,2
bjp4delhi,arvindkejriwal,2
bjp4delhi,msinghbjp,2
bjp4delhi,drharshvardhan,2
finminindia,nsitharamanoffc,2
bhatia_niraj23,bb_thorat,0
inctamilnadu,sanjaysdutt,0
gauravpandhi,ashokgehlot51,0
officeofrsp,rsprasad,0
kpmaurya1,kpmaurya1,2
finminindia,nsitharaman,2
rajcmo,ashokgehlot51,1
gauravgogoiasm,ashokgehlot51,1
bjp4assam,himantabiswa,0
bjp4assam,ranjeetkrdass,1
nanglucky,himantabiswa,0
avinashpandeinc,ashokgehlot51,2
nanglucky,himantabiswa,2
pijush_hazarika,himantabiswa,0
finminindia,nsitharamanoffc,0
finminindia,nsitharamanoffc,0
nanglucky,sarbanandsonwal,0
dev_fadnavis,dev_fadnavis,0
officeofrsp,rsprasad,0
inctamilnadu,sanjaysdutt,1
chitrakwagh,dev_fadnavis,0
drpramodpsawant,drpramodpsawant,0
jaitdp,ncbn,1
jmmjharkhand,hemantsorenjmm,2
sureshkkhanna,narendramodi,0
salmansoz,rahulgandhi,0
pankhuripathak,rahulgandhi,0
uttamtpcc,rahulgandhi,0
iumlofficial,rahulgandhi,0
ruby_manoharan,rahulgandhi,0
bhatia_niraj23,rahulgandhi,0
pratibhaiyc1,rahulgandhi,0
incuttarpradesh,rahulgandhi,0
revanth_anumula,rahulgandhi,0
jitendrabaghel_,rahulgandhi,0
incwestbengal,rahulgandhi,0
bodkheshilpa,rahulgandhi,0
arvinderlovely,rahulgandhi,0
pycpim,cpimspeak,0
loveyvirk,rahulgandhi,0
radhika_khera,rahulgandhi,0
aaputtarakhand,aamaadmiparty,2
seethakkamla,ncbn,1
drhvoffice,drharshvardhan,1
trspartyonline,telanganacmo,0
pallablochandas,himantabiswa,0
asadowaisi,telanganacmo,1
kcvenugopalmp,rahulgandhi,1
smritiirani,drharshvardhan,1
abrahamroymani,rahulgandhi,1
ramaaiadmk,cmotamilnadu,2
sanjaynirupam,sanjaynirupam,1
jduonline,sanjayjhabihar,2
jduonline,nitishkumar,2
ajaylalluinc,priyankagandhi,1
aapbihar,aamaadmiparty,1
saralpatel,ashokgehlot51,2
rajcmo,ashokgehlot51,2
finminindia,ianuragthakur,2
rajabrar_inc,rahulgandhi,0
neerajkundan,rahulgandhi,0
sharmistha_gk,rahulgandhi,0
ajaymaken,rahulgandhi,0
vipininc,priyankagandhi,0
incdelhi,priyankagandhi,0
pratibhaiyc1,rahulgandhi,0
iycbihar,rahulgandhi,0
vinitthind,rahulgandhi,0
rssurjewala,rahulgandhi,0
preetismenon,aamaadmiparty,0
preetismenon,arvindkejriwal,0
sushmitadevinc,rahulgandhi,0
aappunjab,arvindkejriwal,2
aappunjab,narendramodi,2
dipikaps,rahulgandhi,0
aapbihar,aamaadmiparty,1
smritiirani,narendramodi,1
iyc,rahulgandhi,2
incpunjab,rahulgandhi,2
smritiirani,pmoindia,0
jitendrabaghel_,rahulgandhi,2
hasibaamin,rahulgandhi,2
incgujarat,rahulgandhi,2
pankhuripathak,rahulgandhi,2
amitchavdainc,rahulgandhi,2
keshavyadaviyc,rahulgandhi,1
rssurjewala,rahulgandhi,1
jaitdp,ncbn,0
satavrajeev,rahulgandhi,1
plpunia,rahulgandhi,1
incuttarpradesh,rahulgandhi,1
ashokgehlot51,rahulgandhi,1
bhatia_niraj23,rahulgandhi,1
vamsichandreddy,rahulgandhi,1
vipininc,rahulgandhi,1
manoharanvmc,rahulgandhi,1
katchannaidu,ncbn,0
incmaharashtra,rahulgandhi,1
syedasimwaqar,kirenrijiju,1
amitchavdainc,rahulgandhi,1
salmansoz,rahulgandhi,1
smritiirani,prakashjavdekar,1
smritiirani,drharshvardhan,1
bjp4maharashtra,dev_fadnavis,2
rajabrar_inc,rahulgandhi,1
finminindia,nsitharamanoffc,0
akshaymarathe,arvindkejriwal,2
akshaymarathe,narendramodi,2
msisodia,arvindkejriwal,2
msisodia,narendramodi,2
shahnawazbjp,shahnawazbjp,2
nppmeghalaya,sangmaconrad,2
officeofssc,chouhanshivraj,2
hasibaamin,rahulgandhi,1
rajabrar_inc,rahulgandhi,0
misabharti,narendramodi,0
chitrakwagh,dev_fadnavis,0
taruntewatia14,deependershooda,2
bhatia_niraj23,sanjaynirupam,1
shaktisinhgohil,ashokgehlot51,1
kuljeetschahal,manojtiwarimp,0
kuljeetschahal,bjp4delhi,0
kuljeetschahal,bjp4india,0
msinghbjp,manojtiwarimp,2
msinghbjp,bjp4delhi,2
drhvoffice,drharshvardhan,2
bjp4assam,himantabiswa,1
bjp4delhi,manojtiwarimp,2
bjp4delhi,bjp4delhi,2
msinghbjp,manojtiwarimp,2
msinghbjp,bjp4delhi,2
prakashjavdekar,narendramodi,2
deependershooda,deependershooda,2
saralpatel,shashitharoor,0
saralpatel,incindia,0
saralpatel,rahulgandhi,0
kpmaurya1,kpmaurya1,2
mlkhattar,cmohry,2
mlkhattar,bjp4haryana,2
aapbihar,msisodia,1
pycpim,cpimspeak,0
bjp4maharashtra,dev_fadnavis,1
shashitharoor,shashitharoor,2
asadowaisi,aimim_national,2
msinghbjp,manojtiwarimp,0
msinghbjp,bjp4delhi,0
msinghbjp,bjp4india,0
mlkhattar,mlkhattar,2
mlkhattar,cmohry,2
drhvoffice,drharshvardhan,0
bjp4jharkhand,dasraghubar,2
syedasimwaqar,asadowaisi,1
mlkhattar,bjpsanjaybhatia,2
ankitlal,arvindkejriwal,2
durgadasskamat,vijaisardesai,1
nanglucky,himantabiswa,1
officeofssbadal,harsimratbadal_,0
bjp4delhi,manojtiwarimp,2
finminindia,nsitharamanoffc,0
dev_fadnavis,nitin_gadkari,0
jayantsinha,nitin_gadkari,0
dilipkpandey,msisodia,1
avinashpandeinc,ashokgehlot51,0
shuklarajiv,ashokgehlot51,0
bjp4delhi,drharshvardhan,1
bjp4delhi,drharshvardhan,0
ssrajputinc,ssrajputinc,1
bjp4delhi,manojtiwarimp,2
bjp4delhi,bjp4delhi,2
kuljeetschahal,manojtiwarimp,2
kuljeetschahal,bjp4delhi,2
dasraghubar,drharshvardhan,0
smritiirani,drharshvardhan,0
bjp4maharashtra,dev_fadnavis,1
abrahamroymani,shashitharoor,1
bjp4manipur,nbirensingh,1
bjp4manipur,narendramodi,1
bjp4delhi,bjp4delhi,2
saralpatel,shashitharoor,1
bjp4delhi,drharshvardhan,2
bjp4jharkhand,dasraghubar,2
guptar,deependershooda,2
jayant_r_patil,ncpspeaks,2
chouhanshivraj,officeofssc,2
dilipghoshbjp,kailashonline,2
prakashjavdekar,nstomar,0
bjp4maharashtra,dev_fadnavis,0
bjp4maharashtra,narendramodi,0
bjp4assam,sarbanandsonwal,1
bjp4assam,narendramodi,1
chouhanshivraj,officeofssc,2
jmmjharkhand,hemantsorenjmm,2
cpim_westbengal,cpimspeak,1
arivalayam,mkstalin,2
dmkviluppuram,mkstalin,2
hemantsorenjmm,hemantsorenjmm,2
incmohitjain,shashitharoor,2
saralpatel,shashitharoor,1
incmohitjain,shashitharoor,1
pankhuripathak,ashokgehlot51,1
chouhanshivraj,officeofssc,2
aapbihar,aamaadmiparty,2
bjp4bengal,kailashonline,2
drhvoffice,drharshvardhan,0
bjp4delhi,drharshvardhan,0
bjp4delhi,drharshvardhan,1
shayarimran,ashokgehlot51,1
rajcmo,ashokgehlot51,2
rajcmo,ashokgehlot51,1
bjp4haryana,mlkhattar,2
cmohry,mlkhattar,2
cmohry,narendramodi,2
goaforwardparty,durgadasskamat,0
goaforwardparty,goacm,0
durgadasskamat,vijaisardesai,0
bjp4delhi,drharshvardhan,0
drhvoffice,drharshvardhan,1
bjp4delhi,drharshvardhan,1
rksinhabjp,drjitendrasingh,0
kponmudimla,mkstalin,2
dasraghubar,pratulshahdeo,2
dilipkpandey,aamaadmiparty,1
jayant_r_patil,ncpspeaks,2
bjp4maharashtra,dev_fadnavis,2
bjp4maharashtra,bjp4maharashtra,2
inchimachal,incgujarat,2
bjp4arunachal,pemakhandubjp,1
bjp4arunachal,narendramodi,1
sudhinbhadoria,sudhinbhadoria,1
bjp4arunachal,pemakhandubjp,0
bjp4arunachal,narendramodi,0
aaputtarakhand,aamaadmiparty,1
supriya_sule,rajeshtope11,2
bodkheshilpa,cmomaharashtra,0
akshaymarathe,aamaadmiparty,1
akshaymarathe,arvindkejriwal,1
dilipkpandey,aamaadmiparty,1
dilipkpandey,arvindkejriwal,1
saralpatel,ashokgehlot51,0
aaputtarakhand,aamaadmiparty,0
bjp4maharashtra,kiritsomaiya,1
bjp4arunachal,pemakhandubjp,2
bjp4arunachal,pemakhandubjp,1
nppmeghalaya,sangmaconrad,1
durgadasskamat,goaforwardparty,2
officeofrsp,rsprasad,1
visrane,visrane,0
visrane,visrane,0
visrane,visrane,0
bodkheshilpa,pawarspeaks,0
nsitharamanoffc,finminindia,1
nsitharamanoffc,nsitharaman,1
bjp4delhi,drharshvardhan,2
nanglucky,himantabiswa,0
nanglucky,narendramodi,0
incindia,rssurjewala,2
bjp4delhi,p_sahibsingh,0
sabhajeetaap,sanjayazadsln,1
smritiirani,pmoindia,2
ankitlal,aamaadmiparty,1
ankitlal,arvindkejriwal,1
drharshvardhan,drharshvardhan,0
finminindia,drharshvardhan,0
drharshvardhan,drharshvardhan,1
rajabrar_inc,rahulgandhi,0
officeofrsp,rsprasad,1
mlkhattar,narendramodi,2
guptar,rahulgandhi,0
shalupcrf,aamaadmiparty,2
imranhussaain,aamaadmiparty,1
imranhussaain,arvindkejriwal,1
anubhavmohanty_,cmo_odisha,1
drharshvardhan,drharshvardhan,0
smritiirani,rsprasad,0
satyajeettambe,cmomaharashtra,2
officeofrsp,rsprasad,0
bjp4uk,drrpnishank,2
mla_nareshyadav,aamaadmiparty,0
bjp4maharashtra,dev_fadnavis,1
satavrajeev,rahulgandhi,1
aapbihar,aamaadmiparty,1
aapbihar,sanjayazadsln,1
bjp4maharashtra,kiritsomaiya,0
bjp4maharashtra,bjp4india,0
buntyshelke_inc,rahulgandhi,0
nadeeminc,rahulgandhi,0
bodkheshilpa,rahulgandhi,0
satejp,rahulgandhi,0
kumari_selja,rahulgandhi,0
salmansoz,rahulgandhi,0
satavrajeev,rahulgandhi,0
jitendrabaghel_,rahulgandhi,0
sitaramlamba,rahulgandhi,0
satejp,rahulgandhi,1
advrajendrapal,aamaadmiparty,2
incwestbengal,rahulgandhi,1
americai,rahulgandhi,1
ruby_manoharan,rahulgandhi,1
incindia,rahulgandhi,1
satyajeettambe,rahulgandhi,1
delhipyc,rahulgandhi,1
tamilnadupmc,rahulgandhi,1
rssurjewala,rahulgandhi,1
ripunbora,rahulgandhi,1
nitinraut_inc,rahulgandhi,1
incharyana,rahulgandhi,1
inctamilnadu,rahulgandhi,1
neerajkundan,rahulgandhi,1
bb_thorat,rahulgandhi,1
ankitlal,arvindkejriwal,1
msinghbjp,manojtiwarimp,2
sitaramlamba,ashokgehlot51,0
sanjaynirupam,sanjaynirupam,1
cmpuducherry,vnarayanasami,1
bjp4jharkhand,yourbabulal,2
jayantsinha,yourbabulal,2
nanglucky,himantabiswa,1
bjp4maharashtra,dev_fadnavis,0
bhatia_niraj23,duttabhishek,1
jduonline,nikhilmandaljdu,2
ankitlal,aamaadmiparty,1
ankitlal,arvindkejriwal,1
satyakumar_y,telanganacmo,1
aamaadmiparty,aamaadmiparty,1
aamaadmiparty,arvindkejriwal,1
bjp4arunachal,pemakhandubjp,1
siddharthanbjp,p_sahibsingh,2
siddharthanbjp,arvindkejriwal,2
advrajendrapal,aamaadmiparty,0
aapmumbai,aamaadmiparty,0
aappunjab,aamaadmiparty,0
aapharyana,aamaadmiparty,0
bjp4arunachal,pemakhandubjp,0
bjp4arunachal,pemakhandubjp,0
bjp4arunachal,pemakhandubjp,1
bjp4arunachal,narendramodi,1
incmohitjain,narendramodi,2
incmohitjain,narendramodi,2
aaputtarakhand,aamaadmiparty,1
aaputtarakhand,arvindkejriwal,1
mumbaincp,pawarspeaks,0
bjp4assam,himantabiswa,1
msinghbjp,manojtiwarimp,2
msinghbjp,narendramodi,2
msinghbjp,jpnadda,2
bjp4cgstate,narendramodi,0
nsitharamanoffc,finminindia,1
gauravbh,narendramodi,0
ashwinityagibjp,narendramodi,0
tcgehlot,narendramodi,0
ppchaudharybjp,narendramodi,0
dprakashbjp,narendramodi,0
ramvicharnetam,narendramodi,0
santoshgangwar,narendramodi,0
drmnpandeymp,narendramodi,0
arvindlbjp,narendramodi,0
bjpbiplab,narendramodi,0
drkirodilalbjp,narendramodi,0
bjp4odisha,narendramodi,0
sanghaviharsh,narendramodi,0
smritiirani,narendramodi,0
officeofrsp,narendramodi,0
bjpmahilamorcha,narendramodi,0
vijayrupanibjp,narendramodi,0
dvsadanandgowda,narendramodi,0
shripadynaik,narendramodi,0
jualoram,narendramodi,0
finminindia,narendramodi,0
bjp4uk,narendramodi,0
finminindia,finminindia,2
finminindia,nsitharamanoffc,2
finminindia,ianuragthakur,2
finminindia,pmoindia,2
sureshranabjp,narendramodi,0
pradeepraobjp,narendramodi,0
cmoguj,narendramodi,0
nupursharmabjp,narendramodi,0
aruna_dk,narendramodi,0
somuveerraju,narendramodi,0
finminindia,narendramodi,0
poonam_mahajan,narendramodi,0
msinghbjp,narendramodi,0
bjp4maharashtra,narendramodi,0
jtnbjp,narendramodi,0
bjpsanjaybhatia,narendramodi,0
p_sahibsingh,narendramodi,0
hansrajhanshrh,narendramodi,0
incmohitjain,arvindkejriwal,1
saralpatel,incindia,0
hasibaamin,incindia,0
gauravpandhi,incindia,0
avinashpandeinc,incindia,1
pankhuripathak,incindia,1
gupta_vijender,bjp4india,0
bjp4haryana,narendramodi,0
gssjodhpur,bjp4india,0
capt_amarinder,capt_amarinder,2
nkishoreyadav,narendramodi,1
yanthungopatton,bjp4india,0
bjp4telangana,narendramodi,1
bjp4haryana,narendramodi,0
chitrakwagh,poonam_mahajan,0
chitrakwagh,bjp4india,0
dasraghubar,narendramodi,0
bjp4india,vijayrupanibjp,2
naqvimukhtar,narendramodi,0
bjp4maharashtra,poonam_mahajan,0
bjp4haryana,narendramodi,2
dasraghubar,narendramodi,2
chitrakwagh,poonam_mahajan,0
bjp4jharkhand,bjp4india,0
officeofrsp,narendramodi,2
dasraghubar,narendramodi,0
bjp4telangana,bjp4india,0
chandramohanbjp,narendramodi,2
bjp4punjab,bjp4india,0
smritiirani,narendramodi,0
keerthireddybjp,narendramodi,0
keerthireddybjp,ysjagan,0
smritiirani,arjunrammeghwal,2
arvindharmapuri,bjp4india,0
dprakashbjp,narendramodi,2
subhashbrala,narendramodi,0
chitrakwagh,poonam_mahajan,1
smritiirani,narendramodi,0
chouhanshivraj,officeofssc,2
nkishoreyadav,bjp4india,2
bjp4haryana,mlkhattar,2
bjp4haryana,mlkhattar,2
bjp4jharkhand,bjp4india,2
cmofficeup,pmoindia,0
cmofficeup,narendramodi,0
raomlc,bjp4india,0
smritiirani,narendramodi,2
naqvimukhtar,bjp4india,2
drkirodilalbjp,pmoindia,0
drkirodilalbjp,narendramodi,0
dilipghoshbjp,bjp4bengal,2
dilipghoshbjp,narendramodi,2
jacob_zhimomi,bjp4india,0
jacob_zhimomi,narendramodi,0
bjp4haryana,bjp4india,0
bjp4haryana,narendramodi,0
pankajsinghbjp,pmoindia,0
pankajsinghbjp,narendramodi,0
upadhyaysbjp,pmoindia,0
upadhyaysbjp,narendramodi,0
naqvimukhtar,bjp4india,2
kailashonline,bjp4india,0
brajeshpathakup,bjp4india,0
brajeshpathakup,narendramodi,0
drlaxmanbjp,bjp4india,0
nsitharamanoffc,pmoindia,0
nsitharamanoffc,narendramodi,0
nstomar,pmoindia,0
nstomar,narendramodi,0
ms4bjp,narendramodi,1
bjp4delhi,rameshbidhuri,1
bjp4haryana,mlkhattar,2
basusayan,dilipghoshbjp,2
smritiirani,narendramodi,2
bjp4arunachal,bjp4india,2
shripadynaik,smritiirani,0
bjp4haryana,mlkhattar,0
mlkhattar,cmohry,2
mlkhattar,mlkhattar,2
bjp4maharashtra,nitin_gadkari,2
nirahua1,bjp4india,2
kailashonline,bjp4india,2
vijaygoelbjp,bjp4india,1
vijaygoelbjp,narendramodi,1
nirahua1,bjp4india,2
bjp4delhi,narendramodi,2
bjp4delhi,jpnadda,2
arjunsinghwb,bjp4india,2
bandisanjay_bjp,bjp4india,2
bjp4delhi,narendramodi,2
bjp4delhi,jpnadda,2
arjunsinghwb,bjp4india,2
bjp4haryana,mlkhattar,2
mlkhattar,cmohry,2
mlkhattar,mlkhattar,2
anoopdhanak,mlkhattar,2
ms4bjp,drjitendrasingh,1
brajeshpathakup,bjp4india,2
nanglucky,himantabiswa,0
nanglucky,parimalsuklaba1,0
nanglucky,drrajdeeproy,0
smritiirani,smritiirani,2
bjp4haryana,mlkhattar,2
sadhviniranjan,bjp4india,2
bjp4maharashtra,poonam_mahajan,1
bjp4jharkhand,bjp4india,2
supriyobabul,bjp4india,2
bjp4haryana,mlkhattar,2
bjp4haryana,bjp4india,2
bjp4himachal,jairamthakurbjp,2
chitrakwagh,poonam_mahajan,1
dr_satyapal,bjp4india,0
smritiirani,narendramodi,0
smritiirani,prakashjavdekar,0
smritiirani,narendramodi,1
bjp4assam,sarbanandsonwal,1
cmofficeassam,sarbanandsonwal,1
dasraghubar,narendramodi,1
rao_inderjits,pandajay,0
bjp4delhi,p_sahibsingh,2
sanjayjaiswalmp,bjp4india,2
sanjayjaiswalmp,narendramodi,2
gvlnrao,bjp4india,2
gvlnrao,narendramodi,2
bjp4maharashtra,dev_fadnavis,0
bjp4haryana,mlkhattar,2
finminindia,nsitharaman,2
rao_inderjits,prakashjavdekar,2
chouhanshivraj,officeofssc,2
bjp4assam,himantabiswa,1
bjp4assam,pijush_hazarika,1
bjp4delhi,drrpnishank,2
smritiirani,narendramodi,0
sureshranabjp,narendramodi,0
chouhanshivraj,officeofssc,2
cmohry,mlkhattar,0
cmohry,cmohry,0
chouhanshivraj,officeofssc,2
bjpmahilamorcha,smritiirani,0
bjp4maharashtra,poonam_mahajan,0
dasraghubar,narendramodi,0
chitrakwagh,poonam_mahajan,0
bjp4haryana,bjp4india,0
subhashbrala,bjp4india,0
drdwivedisatish,bjp4india,0
mlkhattar,cmohry,2
smritiirani,narendramodi,2
chandramohanbjp,narendramodi,2
bjp4haryana,mlkhattar,1
cmohry,cmohry,2
rsprasad,rsprasad,0
prakashjavdekar,bjp4india,0
prakashjavdekar,narendramodi,2
smritiirani,kirenrijiju,0
smritiirani,narendramodi,0
smritiirani,pmoindia,0
officeofrsp,rsprasad,0
dasraghubar,byadavbjp,0
bjp4haryana,bjp4india,0
smritiirani,naqvimukhtar,0
smritiirani,narendramodi,0
dasraghubar,blsanthosh,2
kuljeetschahal,narendramodi,0
ptshrikant,narendramodi,0
nanglucky,himantabiswa,1
kuljeetschahal,narendramodi,0
kuljeetschahal,ysjagan,0
dasraghubar,blsanthosh,2
bjp4assam,sarbanandsonwal,1
rsprasad,officeofrsp,2
vishvendrabtp,prakashjavdekar,0
dilipghoshbjp,shivprakashbjp,2
dasraghubar,blsanthosh,2
dasraghubar,blsanthosh,2
bjp4arunachal,pemakhandubjp,0
rammadhavbjp,rammadhavbjp,0
nanglucky,himantabiswa,0
nanglucky,parimalsuklaba1,0
prahladspatel,bjp4india,2
nanglucky,himantabiswa,0
bjp4chandigarh,bjp4india,2
ashokgehlot51,ashokgehlot51,2
rakeshsinha01,narendramodi,2
bjp4maharashtra,dev_fadnavis,1
bjp4cgstate,bjp4india,0
raosahebdanve,pmoindia,2
raosahebdanve,bjp4maharashtra,2
raosahebdanve,bjp4india,2
raosahebdanve,pmoindia,2
raosahebdanve,bjp4maharashtra,2
raosahebdanve,bjp4india,2
dharam_kaushik,bjp4india,0
raosahebdanve,pmoindia,2
raosahebdanve,bjp4maharashtra,2
raosahebdanve,bjp4india,2
bjp4haryana,mlkhattar,2
bjp4haryana,mlkhattar,2
bjp4maharashtra,dev_fadnavis,1
subhashbrala,bjp4haryana,2
subhashbrala,narendramodi,2
mlkhattar,cmohry,2
mlkhattar,mlkhattar,2
ritabjoshi,nsitharaman,0
finminindia,pmoindia,1
vijaygoelbjp,bjp4india,1
bjp4telangana,bjp4india,1
sanghaviharsh,bjp4india,1
bjp4cgstate,bjp4india,1
shripadynaik,bjp4india,1
bjp4bihar,bjp4india,1
raosahebdanve,bjp4india,1
rameshbidhuri,bjp4india,1
finminindia,ianuragthakur,0
finminindia,narendramodi,0
rameshbidhuri,bjp4india,2
jairamthakurbjp,bjp4india,2
bjp4cgstate,bjp4india,2
bjp4bihar,bjp4india,2
bjp4haryana,bjp4india,2
ramkripalmp,bjp4india,2
nstomar,bjp4india,2
bjp4maharashtra,poonam_mahajan,1
bjp4cgstate,bjp4india,2
sanjayraiupbjp,kpmaurya1,0
sanjayjaiswalmp,bjp4india,2
jualoram,bjp4india,2
sanjayjaiswalmp,bjp4india,0
sanjayjaiswalmp,bjp4india,2
ramvicharnetam,bjp4india,2
mlkhattar,bjp4india,0
bjp4jnk,bjp4india,0
bjp4jnk,bjp4india,0
drlaxmanbjp,bjp4india,0
bjpmahilamorcha,bjp4india,0
tsrawatbjp,bjp4india,2
bjp4maharashtra,bjp4india,0
smritiirani,bjp4india,2
bjp4mp,bjp4india,2
bjp4odisha,bjp4india,2
rksinhabjp,arjunrammeghwal,2
dharam_kaushik,narendramodi,2
dpradhanbjp,narendramodi,2
mprbjp,narendramodi,2
bjp4maharashtra,bjp4india,2
bjp4maharashtra,jpnadda,2
dhirendragbn,smritiirani,0
dhirendragbn,narendramodi,0
bjpdrmahendra,bjp4india,0
naqvimukhtar,pmoindia,0
naqvimukhtar,narendramodi,0
satyakumar_y,narendramodi,1
visrane,narendramodi,2
gupta_vijender,narendramodi,2
vijayrupanibjp,narendramodi,2
smritiirani,narendramodi,1
cmofficeassam,pmoindia,0
cmofficeassam,narendramodi,0
swatantrabjp,narendramodi,2
sarbanandsonwal,pmoindia,0
sarbanandsonwal,narendramodi,0
sunilbansalbjp,bjp4india,2
vijayrupanibjp,narendramodi,1
mansukhmandviya,narendramodi,2
piyushgoyal,narendramodi,1
brajeshpathakup,bjp4india,0
officeofrsp,pmoindia,0
officeofrsp,narendramodi,0
sarbanandsonwal,narendramodi,1
jayantsinha,bjp4india,0
ppchaudharybjp,narendramodi,2
myogiadityanath,narendramodi,2
shalabhmani,narendramodi,1
kuljeetschahal,narendramodi,1
upadhyaysbjp,pmoindia,0
upadhyaysbjp,narendramodi,0
dasraghubar,narendramodi,1
radhamohanbjp,bjp4india,0
nanglucky,narendramodi,2
dpradhanbjp,narendramodi,1
nstomar,pmoindia,0
nstomar,narendramodi,0
nrkbjp,narendramodi,2
drkirodilalbjp,narendramodi,2
upadhyaysbjp,narendramodi,1
sushilmodi,bjp4india,2
bjp4maharashtra,narendramodi,2
siddharthanbjp,narendramodi,1
girirajsinghbjp,narendramodi,2
bjp4bengal,bjp4india,2
alongimna,narendramodi,1
piyushgoyal,narendramodi,2
nupursharmabjp,narendramodi,2
anupriyaspatel,narendramodi,2
shalabhmani,narendramodi,2
jayantsinha,narendramodi,1
ptshrikant,narendramodi,2
dr_maheshsharma,narendramodi,1
me_locket,narendramodi,1
sanjayjaiswalmp,bjp4india,2
sanjayjaiswalmp,jpnadda,2
sidharthnsingh,narendramodi,2
bjp4odisha,narendramodi,1
bjp4bihar,bjp4india,2
me_locket,narendramodi,1
bjp4jharkhand,bjp4india,0
drdwivedisatish,narendramodi,2
vasundharabjp,bjp4india,2
drramansingh,narendramodi,2
finminindia,prakashjavdekar,2
brajeshpathakup,bjp4india,2
rameshbidhuri,narendramodi,1
upadhyaysbjp,narendramodi,1
siddharthanbjp,narendramodi,1
bjp4delhi,bjp4india,2
bjp4delhi,jpnadda,2
gupta_vijender,narendramodi,2
p_sahibsingh,narendramodi,2
dr_satyapal,narendramodi,2
rsprasad,pmoindia,0
rsprasad,narendramodi,0
bjp4bengal,debasreebjp,2
shahnawazbjp,narendramodi,1
dasraghubar,drharshvardhan,1
bjp4jnk,bjp4india,2
nanglucky,himantabiswa,0
epeddireddy,narendramodi,2
hmoindia,narendramodi,2
chouhanshivraj,officeofssc,2
bjp4himachal,narendramodi,2
bjp4bengal,dilipghoshbjp,1
smritiirani,narendramodi,2
bjp4haryana,narendramodi,2
raosahebdanve,narendramodi,2
sanghaviharsh,amitshah,0
sanghaviharsh,narendramodi,0
pankajsinghbjp,narendramodi,2
ashwinikchoubey,narendramodi,2
sureshranabjp,amitshah,0
sureshranabjp,narendramodi,0
brajeshpathakup,amitshah,0
brajeshpathakup,narendramodi,0
mlkhattar,narendramodi,2
bjpmahilamorcha,narendramodi,2
shalabhmani,narendramodi,2
nandiguptabjp,narendramodi,2
spshahibjp,narendramodi,2
bjp4bengal,amitshah,0
bjp4bengal,narendramodi,0
bjp4delhi,narendramodi,2
sarbanandsonwal,narendramodi,2
bjpmahilamorcha,dpradhanbjp,1
bjp4assam,himantabiswa,0
rsprasad,officeofrsp,2
bhupeshbaghel,bhupeshbaghel,0
bjp4odisha,bjp4india,2
pijush_hazarika,himantabiswa,0
raosahebdanve,narendramodi,0
bjp4assam,himantabiswa,0
bjp4haryana,narendramodi,0
bjp4himachal,jairamthakurbjp,2
finminindia,nsitharaman,0
drrajdeeproy,himantabiswa,1
bjp4himachal,narendramodi,1
raosahebdanve,narendramodi,1
smritiirani,mlkhattar,2
nanglucky,himantabiswa,1
jpnadda,narendramodi,0
bjp4haryana,mlkhattar,1
bjp4delhi,p_sahibsingh,2
bjp4maharashtra,nitin_gadkari,2
smritiirani,nitin_gadkari,2
sanjayjaiswalmp,narendramodi,1
bjp4arunachal,narendramodi,1
gupta_vijender,narendramodi,0
bjp4haryana,narendramodi,0
nkishoreyadav,narendramodi,0
arunsinghbjp,narendramodi,0
nkishoreyadav,narendramodi,0
bjp4haryana,cmohry,2
bjp4arunachal,narendramodi,0
bjp4arunachal,narendramodi,2
bjp4maharashtra,jpnadda,1
naqvimukhtar,narendramodi,0
sanghaviharsh,narendramodi,0
bjp4maharashtra,poonam_mahajan,1
gupta_vijender,narendramodi,0
smritiirani,narendramodi,0
kuljeetschahal,narendramodi,0
bjp4arunachal,amitshah,0
bjp4arunachal,narendramodi,0
upadhyaysbjp,bjp4delhi,0
bjp4maharashtra,narendramodi,0
bjp4odisha,narendramodi,1
bjp4india,narendramodi,0
satyakumar_y,narendramodi,0
bjp4rajasthan,narendramodi,0
joshipralhad,narendramodi,1
ashwinikchoubey,narendramodi,1
bjp4haryana,narendramodi,0
piyushgoyal,narendramodi,0
raosahebdanve,narendramodi,0
dasraghubar,narendramodi,1
nsitharamanoffc,narendramodi,0
bjp4india,amitshah,1
bjp4india,narendramodi,1
dasraghubar,narendramodi,2
arunsinghbjp,bjp4india,2
bjp4cgstate,amitshah,1
bjp4cgstate,narendramodi,1
p_sahibsingh,amitshah,1
p_sahibsingh,narendramodi,1
satyakumar_y,amitshah,1
satyakumar_y,narendramodi,1
rbsharmabjp,bjp4india,2
nanglucky,himantabiswa,2
bjp4jharkhand,dasraghubar,2
nstomar,bjp4india,2
piyushgoyal,bjp4india,0
tcgehlot,narendramodi,0
bjp4odisha,narendramodi,0
jairamthakurbjp,bjp4india,0
piyushgoyal,narendramodi,0
nkishoreyadav,narendramodi,0
bjp4haryana,narendramodi,0
poonam_mahajan,narendramodi,0
sureshranabjp,narendramodi,0
sarojpandeybjp,narendramodi,0
mlkhattar,cmohry,2
bjp4haryana,bjp4india,0
jairamthakurbjp,bjp4india,2
cmoguj,vijayrupanibjp,2
smritiirani,narendramodi,2
smritiirani,bjp4india,0
mlkhattar,bjp4india,0
bjp4haryana,bjp4india,2
bjp4delhi,bjp4india,2
ashwinikchoubey,bjp4india,2
dhirendragbn,narendramodi,0
raosahebdanve,narendramodi,0
naqvimukhtar,bjp4india,0
naqvimukhtar,bjp4india,2
mlkhattar,bjpsanjaybhatia,2
naqvimukhtar,bjp4india,2
pandajay,bjp4jharkhand,2
sanjayjaiswalmp,bjp4india,0
arjunrammeghwal,narendramodi,0
nanglucky,himantabiswa,0
sanjayjaiswalmp,bjp4india,2
bjp4haryana,mlkhattar,0
prakashjavdekar,prakashjavdekar,0
smritiirani,smritiirani,2
bjp4arunachal,bjp4india,0
dilipghoshbjp,narendramodi,2
bjp4haryana,mlkhattar,2
subhashbrala,mlkhattar,2
bjp4haryana,cmohry,2
bjp4haryana,mlkhattar,2
bjp4haryana,cmohry,2
bjp4haryana,mlkhattar,2
nsitharamanoffc,nitin_gadkari,2
chouhanshivraj,officeofssc,2
arvindharmapuri,rajnathsingh,1
bjpmahilamorcha,rajnathsingh,1
drmnpandeymp,rajnathsingh,1
bjp4bengal,bjp4india,0
bjp4bengal,dilipghoshbjp,0
smritiirani,pmoindia,2
smritiirani,narendramodi,2
kailashonline,bjp4india,0
naqvimukhtar,bjp4india,0
ashwinikchoubey,pmoindia,0
ashwinikchoubey,narendramodi,0
ms4bjp,drrpnishank,0
sudhanshutrived,bjp4india,0
bjp4uk,bjp4india,1
ianuragthakur,bjp4india,1
nsitharamanoffc,bjp4india,1
dpradhanbjp,bjp4india,1
dasraghubar,blsanthosh,0
dasraghubar,narendramodi,0
gauravbh,narendramodi,0
drsanjeevbalyan,narendramodi,0
bjp4assam,narendramodi,0
sureshranabjp,narendramodi,0
bjp4arunachal,bjp4india,2
bjp4himachal,narendramodi,0
manthriji,bjp4india,0
p_sahibsingh,narendramodi,0
bjp4uk,bjp4india,2
jpnadda,narendramodi,0
dasraghubar,bjp4india,0
dasraghubar,jpnadda,0
kuljeetschahal,narendramodi,0
shripadynaik,bjp4india,2
shripadynaik,narendramodi,1
shripadynaik,narendramodi,1
kuljeetschahal,narendramodi,0
smritiirani,narendramodi,1
bjp4maharashtra,narendramodi,0
smritiirani,narendramodi,0
ashwinikchoubey,narendramodi,0
smritiirani,narendramodi,0
dreamgirlhema,narendramodi,2
sanghaviharsh,narendramodi,0
bjp4odisha,narendramodi,0
bjp4bihar,bjp4india,2
smritiirani,narendramodi,1
arunsinghbjp,narendramodi,1
nanglucky,narendramodi,2
dasraghubar,narendramodi,0
jpnadda,narendramodi,0
chandramohanbjp,narendramodi,2
basusayan,narendramodi,1
dasraghubar,narendramodi,1
shobhabjp,narendramodi,2
jpnadda,narendramodi,2
dvsadanandgowda,narendramodi,1
sanghaviharsh,narendramodi,0
arjunrammeghwal,bjp4india,0
arjunrammeghwal,jpnadda,0
naqvimukhtar,narendramodi,1
poonam_mahajan,narendramodi,0
jpnadda,narendramodi,0
gupta_vijender,narendramodi,0
shripadynaik,bjp4india,1
rameshbidhuri,narendramodi,1
poonam_mahajan,narendramodi,1
adeshguptabjp,narendramodi,2
bjp4odisha,bjp4india,2
ramkripalmp,bjp4india,2
debasreebjp,bjp4india,2
ms4bjp,bjp4india,2
officeofrsp,rsprasad,2
sureshkkhanna,bjp4india,2
bjp4haryana,bjp4india,2
supriyobabul,bjp4india,2
bjp4goa,bjp4india,2
ramkripalmp,bjp4india,2
ramkripalmp,bjp4india,2
smritiirani,smritiirani,2
santoshgangwar,bjp4india,2
ramkripalmp,bjp4india,2
ms4bjp,bjp4india,2
vijaygoelbjp,bjp4india,2
nitin_gadkari,nitin_gadkari,2
bjp4arunachal,bjp4india,2
supriyashrinate,supriyashrinate,1
bjp4maharashtra,dev_fadnavis,2
bjp4haryana,mlkhattar,2
vipulgoelbjp,cmohry,2
vipulgoelbjp,mlkhattar,2
finminindia,narendramodi,2
jairamthakurbjp,bjp4himachal,2
piyushgoyal,nstomar,2
finminindia,narendramodi,0
cmohry,pmoindia,0
mlkhattar,bjp4haryana,2
bjp4maharashtra,poonam_mahajan,1
mlkhattar,bjp4haryana,2
chouhanshivraj,officeofssc,2
mlkhattar,cmohry,2
mlkhattar,mlkhattar,2
finminindia,narendramodi,0
supriyobabul,bjp4india,2
mp_meerut,bjp4india,2
rajubistabjp,bjp4india,2
shripadynaik,bjp4india,2
ms4bjp,bjp4india,1
sanjayjaiswalmp,bjp4india,2
ramkripalmp,bjp4india,2
ramkripalmp,narendramodi,2
mp_meerut,bjp4india,2
mp_meerut,narendramodi,2
bjpmahilamorcha,bjp4india,2
bjpmahilamorcha,narendramodi,2
ramkripalmp,bjp4india,1
ghulamrabbani_,mamataofficial,1
jitendratmc,mamataofficial,1
bjp4bengal,dilipghoshbjp,1
bmsandeepaicc,incindia,1
rajcmo,ashokgehlot51,1
sitaramlamba,ashokgehlot51,1
smritiirani,bjpbiplab,0
rksinhabjp,piyushgoyal,2
chouhanshivraj,officeofssc,2
smritiirani,drharshvardhan,1
bjp4haryana,cmohry,2
mlkhattar,cmohry,2
nanglucky,himantabiswa,0
finminindia,finminindia,1
nsitharamanoffc,finminindia,1
dprakashbjp,blsanthosh,0
dprakashbjp,drharshvardhan,0
drjgeetareddy,shashitharoor,1
sevadalpb,capt_amarinder,1
bjp4delhi,adeshguptabjp,1
gauravpandhi,capt_amarinder,1
ajaymaken,arvindkejriwal,2
incpunjab,capt_amarinder,2
cmopb,capt_amarinder,1
bhupeshbaghel,bhupeshbaghel,0
bhupeshbaghel,bhupeshbaghel,2
bhupeshbaghel,bhupeshbaghel,0
bjp4delhi,drharshvardhan,2
bjp4arunachal,pemakhandubjp,0
cmmadhyapradesh,jansamparkmp,2
bjp4arunachal,pemakhandubjp,1
amar4odisha,naveen_odisha,0
bjp4mp,chouhanshivraj,2
bjp4mp,narendramodi,2
cmmadhyapradesh,jansamparkmp,2
cmmadhyapradesh,narendramodi,2
abhilash4bjp,sunil_deodhar,1
abhilash4bjp,jaitdp,1
prakashjavdekar,narendramodi,0
dr_maheshsharma,narendramodi,0
manojtiwarimp,manojtiwarimp,2
bjp4delhi,drharshvardhan,1
cmpatowary,sarbanandsonwal,0
cmpatowary,narendramodi,0
sitaramlamba,ashokgehlot51,1
dr_maheshsharma,dr_maheshsharma,1
pmuralidharrao,chouhanshivraj,2
pmuralidharrao,narendramodi,2
jansamparkmp,cmmadhyapradesh,1
jansamparkmp,narendramodi,1
bjp4arunachal,pemakhandubjp,1
banglargorbomb,mamataofficial,1
raomlc,prakashjavdekar,0
nsitharaman,finminindia,0
nsitharamanoffc,finminindia,2
nsitharamanoffc,finminindia,1
nsitharamanoffc,finminindia,0
nsitharaman,finminindia,0
nsitharaman,finminindia,1
nsitharaman,finminindia,2
dmkviluppuram,mkstalin,2
arivalayam,mkstalin,2
bjp4arunachal,pemakhandubjp,0
nsitharamanoffc,finminindia,1
bjp4arunachal,pemakhandubjp,0
cmmadhyapradesh,cmmadhyapradesh,2
cmmadhyapradesh,chouhanshivraj,2
chouhanshivraj,officeofssc,2
chouhanshivraj,chouhanshivraj,2
finminindia,finminindia,1
nsitharamanoffc,finminindia,1
rajcmo,ashokgehlot51,2
cmmadhyapradesh,chouhanshivraj,2
nanglucky,bjp4india,2
nsitharamanoffc,finminindia,0
nsitharamanoffc,nsitharaman,0
bjp4chandigarh,chouhanshivraj,2
bjp4chandigarh,narendramodi,2
uttamku73639199,himantabiswa,1
bjp4mp,officeofssc,2
bjp4mp,narendramodi,2
nawalk7,misabharti,1
rjdforindia,misabharti,1
bjp4maharashtra,dev_fadnavis,0
radhika_khera,ashokgehlot51,2
bjp4manipur,nbirensingh,0
bjp4up,bjp4india,0
bjp4up,narendramodi,0
bjpbiplab,bjp4india,0
bjpbiplab,narendramodi,0
bjp4arunachal,pemakhandubjp,1
sanjayjaiswalmp,bjp4india,0
sanjayjaiswalmp,narendramodi,0
arvindharmapuri,bjp4india,0
arvindharmapuri,narendramodi,0
nstomar,bjp4india,0
nstomar,narendramodi,0
dilipsaikia4bjp,bjp4india,0
dilipsaikia4bjp,narendramodi,0
bjp4uk,bjp4india,0
bjp4uk,narendramodi,0
kuljeetschahal,bjp4india,0
kuljeetschahal,narendramodi,0
arjunrammeghwal,bjp4india,0
arjunrammeghwal,narendramodi,0
ramkripalmp,bjp4india,0
ramkripalmp,narendramodi,0
neerajkundan,ashokgehlot51,2
subhashbrala,narendramodi,0
dasraghubar,bjp4india,0
dasraghubar,narendramodi,0
manthriji,bjp4india,0
manthriji,narendramodi,0
jayantsinha,bjp4india,0
jayantsinha,narendramodi,0
bjp4odisha,bjp4india,0
bjp4odisha,narendramodi,0
bjp4haryana,bjp4india,0
bjp4haryana,narendramodi,0
gauravpandhi,ashokgehlot51,2
officeofrsp,rsprasad,2
rajcmo,ashokgehlot51,0
bjp4arunachal,pemakhandubjp,0
cmopb,capt_amarinder,2
cmopb,bjp4india,2
bjp4arunachal,pemakhandubjp,0
bjp4arunachal,narendramodi,0
bjd_odisha,naveen_odisha,0
bjd_odisha,naveen_odisha,0
bjd_odisha,narendramodi,0
bjp4delhi,drharshvardhan,1
bjp4mp,chouhanshivraj,2
bjp4delhi,bjp4delhi,2
bjp4delhi,drharshvardhan,1
shahnawazbjp,shahnawazbjp,1
dr_maheshsharma,dr_maheshsharma,1
bjp4delhi,p_sahibsingh,2
bjp4delhi,arvindkejriwal,2
bjp4delhi,amitshah,2
raosahebdanve,pmoindia,1
raosahebdanve,drharshvardhan,1
raosahebdanve,ashwinikchoubey,1
raosahebdanve,narendramodi,0
bjp4arunachal,bjp4india,0
bjp4arunachal,narendramodi,0
mlkhattar,bjp4haryana,0
dilipsaikia4bjp,bjp4india,2
raosahebdanve,bjp4india,2
bjp4cgstate,bjp4india,2
bjp4jharkhand,bjp4india,1
bjp4jharkhand,narendramodi,1
debasreebjp,bjp4india,1
debasreebjp,narendramodi,1
bjp4uk,bjp4india,1
bjp4uk,narendramodi,1
supriyobabul,bjp4india,1
supriyobabul,narendramodi,1
bjpmahilamorcha,bjp4india,2
supriyobabul,bjp4india,2
raosahebdanve,bjp4india,2
bjp4delhi,drharshvardhan,1
dr_maheshsharma,dr_maheshsharma,1
bjp4haryana,narendramodi,0
raosahebdanve,narendramodi,0
jayantsinha,narendramodi,1
jayantsinha,pmoindia,1
rajcmo,ashokgehlot51,1
rameshbidhuri,bjp4india,2
supriyobabul,bjp4india,2
bjp4odisha,bjp4india,2
bjp4bihar,bjp4india,2
sanjayjaiswalmp,bjp4india,2
bjp4odisha,bjp4india,2
mlkhattar,mlkhattar,2
mlkhattar,mlkhattar,2
smritiirani,bjp4india,2
raosahebdanve,bjp4india,2
nandiguptabjp,bjp4india,2
smritiirani,bjp4india,1
sanjayjaiswalmp,bjp4india,1
bjp4bihar,bjp4india,2
smritiirani,bjp4india,2
raosahebdanve,bjp4india,1
bjp4bihar,bjp4india,1
nstomar,bjp4india,2
bjp4arunachal,bjp4india,2
nstomar,bjp4india,2
sanjayjaiswalmp,bjp4india,2
sanjayjaiswalmp,bjp4india,2
bjp4bihar,bjp4india,2
piyushgoyal,bjp4india,1
bjp4haryana,bjp4india,2
bjp4arunachal,pemakhandubjp,0
satyakumar_y,pcmohanmp,1
pcmohanmp,pcmohanmp,1
bjp4maharashtra,dev_fadnavis,0
nanglucky,himantabiswa,1
bjp4maharashtra,dev_fadnavis,2
nawalk7,rjdforindia,1
officeofrsp,bjp4india,1
dasraghubar,bjp4india,1
drharshvardhan,bjp4india,1
bjp4bengal,bjp4india,1
rsprasad,bjp4india,1
pradeepraobjp,bjp4india,1
bjp4up,bjp4india,1
ianuragthakur,bjp4india,1
rao_inderjits,narendramodi,0
prakashjavdekar,narendramodi,0
shripadynaik,narendramodi,0
prahladspatel,narendramodi,0
aerpulavenkata,narendramodi,0
pallablochandas,narendramodi,0
ravikishann,narendramodi,0
naqvimukhtar,narendramodi,0
poonam_mahajan,narendramodi,0
vijaygoelbjp,narendramodi,0
raosahebdanve,pmoindia,0
raosahebdanve,narendramodi,0
tsrawatbjp,narendramodi,0
hansrajhanshrh,narendramodi,0
finminindia,narendramodi,0
rajubistabjp,piyushgoyal,2
rajubistabjp,narendramodi,2
piyushgoyal,narendramodi,0
gupta_vijender,narendramodi,0
rameshbidhuri,narendramodi,0
tendulkarbjp,bjp4delhi,1
tendulkarbjp,adeshguptabjp,1
tendulkarbjp,manojtiwarimp,1
tendulkarbjp,m_lekhi,1
tendulkarbjp,rameshbidhuri,1
tendulkarbjp,p_sahibsingh,1
tendulkarbjp,gautamgambhir,1
rameshbidhuri,bjp4india,2
supriyobabul,bjp4india,2
bjp4odisha,bjp4india,2
manojtiwarimp,manojtiwarimp,1
manojtiwarimp,bjp4delhi,1
bjp4bihar,bjp4india,2
adeshguptabjp,bjp4delhi,0
adeshguptabjp,adeshguptabjp,0
sanjayjaiswalmp,bjp4india,2
bjp4odisha,bjp4india,2
chouhanshivraj,bjp4mp,2
chouhanshivraj,bjp4mp,2
tendulkarbjp,prakashjavdekar,2
keerthireddybjp,drlaxmanbjp,2
gssjodhpur,naqvimukhtar,2
anupriyaspatel,narendramodi,2
nandiguptabjp,bjp4india,1
blsanthosh,narendramodi,2
sureshkkhanna,narendramodi,2
rameshbidhuri,bjp4india,1
nandiguptabjp,narendramodi,2
sureshpprabhu,bjp4india,1
prakashjavdekar,narendramodi,2
nalinkateel,narendramodi,2
jualoram,bjp4india,1
rameshbidhuri,narendramodi,2
ritabjoshi,piyushgoyal,2
sureshranabjp,narendramodi,2
drsanjeevbalyan,narendramodi,2
vasundharabjp,narendramodi,2
jagadishshettar,bjp4india,1
joshipralhad,narendramodi,2
nalinkateel,bjp4india,1
manthriji,bjp4india,1
bjp4cgstate,bjp4india,1
drdwivedisatish,narendramodi,2
dasraghubar,bjp4india,1
mlkhattar,bjp4india,1
rameshbidhuri,bjp4india,1
yourbabulal,narendramodi,2
ashokkatariya9,bjp4india,1
msinghbjp,narendramodi,2
kuljeetschahal,narendramodi,2
sarbanandsonwal,bjp4india,1
bjp4haryana,narendramodi,2
bjp4maharashtra,bjp4india,1
poonam_mahajan,narendramodi,2
bandisanjay_bjp,narendramodi,2
bjp4haryana,mlkhattar,2
bjp4haryana,bjp4india,2
chouhanshivraj,bjp4india,2
girirajsinghbjp,bjp4india,2
kuljeetschahal,bjp4delhi,2
mp_meerut,bjp4india,2
bjp4cgstate,bjp4india,2
mlkhattar,bjp4india,2
sanjayjaiswalmp,bjp4india,2
dilipsaikia4bjp,bjp4india,2
bjp4himachal,ianuragthakur,2
amitshahoffice,byadavbjp,0
amitshahoffice,nstomar,0
raosahebdanve,bjp4punjab,2
raosahebdanve,nstomar,2
rameshbidhuri,bjp4delhi,1
rameshbidhuri,rameshbidhuri,1
bjp4cgstate,bjp4india,2
prakashjavdekar,bjp4india,2
bjp4arunachal,pemakhandubjp,2
mlkhattar,bjp4haryana,2
bjp4haryana,bjp4punjab,2
siddharthanbjp,bjp4delhi,2
sunilyadavbjp,bjp4delhi,2
mlkhattar,nstomar,2
bjp4haryana,mlkhattar,2
bjp4delhi,siddharthanbjp,2
bjp4up,bjp4india,2
bjp4up,narendramodi,2
pcmohanmp,blsanthosh,2
bjp4himachal,bjp4india,2
bjp4himachal,narendramodi,2
raosahebdanve,bjp4india,2
raosahebdanve,narendramodi,2
bjp4andhra,bjp4india,2
bjp4andhra,narendramodi,2
bjp4haryana,bjp4india,2
bjp4haryana,narendramodi,2
bjp4up,bjp4india,2
arjunrammeghwal,bjp4india,2
chouhanshivraj,officeofssc,2
rameshbidhuri,bjp4delhi,1
rameshbidhuri,rameshbidhuri,1
bjp4maharashtra,dev_fadnavis,2
bjp4jnk,bjp4india,2
bjp4jnk,narendramodi,2
chouhanshivraj,officeofssc,2
sanjayraiupbjp,bjp4india,2
sanjayraiupbjp,narendramodi,2
mp_meerut,bjp4india,2
bjp4maharashtra,dev_fadnavis,2
bjp4cgstate,bjp4india,2
bjp4cgstate,narendramodi,2
bjp4bengal,dilipghoshbjp,1
bjp4haryana,bjp4india,2
bjp4bengal,bjp4india,2
incindia,rssurjewala,2
nitinraut_inc,nstomar,2
incindia,rssurjewala,2
shahnawazbjp,shahnawazbjp,2
aamaadmiparty,aappunjab,2
aapkibandana,aappunjab,2
incdelhi,rssurjewala,1
hanumanbeniwal,hanumanbeniwal,0
prakashjavdekar,prakashjavdekar,2
pcsharmainc,rssurjewala,2
gauravbh,gauravbh,2
sanjayazadsln,sanjayazadsln,1
gauravbh,gauravbh,2
gauravbh,gauravbh,2
drsanjeevbalyan,drsanjeevbalyan,0
supriyashrinate,supriyashrinate,1
aamaadmiparty,aappunjab,2
piyushgoyal,piyushgoyal,2
shashitharoor,sevadalpb,1
shashitharoor,shashitharoor,1
raghav_chadha,raghav_chadha,2
incindia,rssurjewala,2
sanjeev_aap,arvindkejriwal,1
incuttarpradesh,dgurjarofficial,2
raghav_chadha,raghav_chadha,1
incindia,rssurjewala,2
vinitthind,sitaramlamba,1
officeofssbadal,officeofssbadal,2
rajabrar_inc,sevadalpb,2
rajabrar_inc,incpunjab,2
rajabrar_inc,rajabrar_inc,2
incindia,rssurjewala,2
prakashjavdekar,prakashjavdekar,2
piyushgoyal,piyushgoyal,2
attorneybharti,aamaadmiparty,1
gulabmatiala,aamaadmiparty,1
aappunjab,aamaadmiparty,1
piyushgoyal,dev_fadnavis,0
piyushgoyal,narendramodi,0
hanumanbeniwal,hanumanbeniwal,0
drsanjeevbalyan,drsanjeevbalyan,0
supriyashrinate,supriyashrinate,1
smritiirani,nstomar,2
nanglucky,himantabiswa,2
officeofssbadal,officeofssbadal,2
chouhanshivraj,officeofssc,2
chouhanshivraj,officeofssc,2
chouhanshivraj,officeofssc,2
chouhanshivraj,officeofssc,2
chouhanshivraj,officeofssc,2
smritiirani,nstomar,2
mlkhattar,nstomar,2
chouhanshivraj,officeofssc,2
chouhanshivraj,officeofssc,2
mlkhattar,nstomar,0
nsitharamanoffc,nsitharaman,0
nsitharamanoffc,nstomar,0
bjp4himachal,nsitharaman,0
bjp4himachal,nstomar,0
nanglucky,himantabiswa,2
misabharti,pranavinc,2
asadowaisi,aimim_national,0
asadowaisi,pmoindia,0
asadowaisi,asadowaisi,0
asadowaisi,narendramodi,0
gvlnrao,gvlnrao,1
rammadhavbjp,rammadhavbjp,2
chotiwala,iyc,1
pawankhera,shahnawazbjp,2
pawankhera,pawankhera,2
gvlnrao,gvlnrao,1
supriyashrinate,supriyashrinate,1
supriyashrinate,gvlnrao,1
incgoa,girishgoa,2
incgoa,incindia,2
incgoa,incgoa,2
jualoram,pandajay,1
